Query,Match 1,Match 2,Match 3,Match 4,Match 5,Match 6,Match 7,Match 8,Match 9,Match 10,Match 11,Match 12,Match 13,Match 14,Match 15,Match 16,Match 17,Match 18,Match 19,Match 20,Match 21,Match 22,Match 23
#MIXED QUERY,,,,,,,,,,,MIXED QUERY,,,,,,,,,,,,
Machines with the highest number of caps closed or bootle closed,euro pk,next vp,next pk,equatorque,euro pp-c,euro pp-g,euro vp,euro va,euro vpa,over,flex,NULL,NULL,NULL,NULL,NULL,NULL,NULL,NULL,NULL,NULL,NULL,NULL
Machines with main market beverage,euro pk ,next vp,next pk,eagle pk,euro vp,eagle vp,geyser,equatorque,euro va-cb,euro va,eagle va,esse,esse pk,eagle c,reverse,over,flex,NULL,NULL,NULL,NULL,NULL,NULL
Machines with main market beer,eagle pp,esse,esse pk,eagle c,quasar r,quasar f,quasar rf,gemini r,gemini f,gemini rf,euro va-cb,NULL,NULL,NULL,NULL,NULL,NULL,NULL,NULL,NULL,NULL,NULL,NULL
Machines with main market food ,euro pk,next vp,next pk,eagle pk,euro vp,eagle vp,geyser,equatorque,euro pp-c,euro pp-g,kamma pkv,eagle pp,euro va,eagle va,esse,esse pk,reverse,over,flex,NULL,NULL,NULL,NULL
Machines with main market chemical,euro pk,next vp,next pk,eagle pk,euro vp,eagle vp,equatorque,euro pp-c,euro pp-g,kamma pkv,eagle pp,over,flex,NULL,NULL,NULL,NULL,NULL,NULL,NULL,NULL,NULL,NULL
Machines with main market pharmaceutical,euro pk,next vp,next pk,eagle pk,euro vp,eagle vp,equatorque,euro pp-c,euro pp-g,kamma pkv,eagle pp,euro va,eagle va,over,NULL,NULL,NULL,NULL,NULL,NULL,NULL,NULL,NULL
Machines with main market personal care,euro dd,euro pp-c,euro pp-g,kamma pkv,eagle pp,over,NULL,NULL,NULL,NULL,NULL,NULL,NULL,NULL,NULL,NULL,NULL,NULL,NULL,NULL,NULL,NULL,NULL
Machines with main market home care,euro dd,euro pp-c,euro pp-g,kamma pkv,eagle pp,over,NULL,NULL,NULL,NULL,NULL,NULL,NULL,NULL,NULL,NULL,NULL,NULL,NULL,NULL,NULL,NULL,NULL
Machines with main market spirits,eagle vp,euro vpa,NULL,NULL,NULL,NULL,NULL,NULL,NULL,NULL,NULL,NULL,NULL,NULL,NULL,NULL,NULL,NULL,NULL,NULL,NULL,NULL,NULL
Machines with main market wine ,esse,esse pk,quasar r,quasar f,quasar rf,saturno r,saturno f,saturno rf,gemini r,gemini f,gemini rf,la champenoise,NULL,NULL,NULL,NULL,NULL,NULL,NULL,NULL,NULL,NULL,NULL
Machines with main market wine and spirits,euro pp-c,euro pp-g,kamma pkv,eagle pp,euro va,eagle va,NULL,NULL,NULL,NULL,NULL,NULL,NULL,NULL,NULL,NULL,NULL,NULL,NULL,NULL,NULL,NULL,NULL
Machines with main market champagne,esse,eagle c,NULL,NULL,NULL,NULL,NULL,NULL,NULL,NULL,NULL,NULL,NULL,NULL,NULL,NULL,NULL,NULL,NULL,NULL,NULL,NULL,NULL
Machines using plastic pressure caps,euro pp-c,euro pp-g,kamma pkv,eagle pp,NULL,NULL,NULL,NULL,NULL,NULL,NULL,NULL,NULL,NULL,NULL,NULL,NULL,NULL,NULL,NULL,NULL,NULL,NULL
Machines using mushroom plastic caps,euro pp-c,euro pp-g,kamma pkv,eagle pp,NULL,NULL,NULL,NULL,NULL,NULL,NULL,NULL,NULL,NULL,NULL,NULL,NULL,NULL,NULL,NULL,NULL,NULL,NULL
Machines with mushroom corks,quasar r,quasar f,quasar rf,saturno r,saturno f,saturno rf,gemini r,gemini f,gemini rf,NULL,NULL,NULL,NULL,NULL,NULL,NULL,NULL,NULL,NULL,NULL,NULL,NULL,NULL
Machines with straight corks,quasar r,quasar f,quasar rf,saturno r,saturno f,saturno rf,gemini r,gemini f,gemini rf,NULL,NULL,NULL,NULL,NULL,NULL,NULL,NULL,NULL,NULL,NULL,NULL,NULL,NULL
Machines with T caps ,euro pp-c,euro pp-g,kamma pkv,eagle pp,NULL,NULL,NULL,NULL,NULL,NULL,NULL,NULL,NULL,NULL,NULL,NULL,NULL,NULL,NULL,NULL,NULL,NULL,NULL
Machines with closure chuck with vacuum,kamma pkv,eagle pp,NULL,NULL,NULL,NULL,NULL,NULL,NULL,NULL,NULL,NULL,NULL,NULL,NULL,NULL,NULL,NULL,NULL,NULL,NULL,NULL,NULL
Machines for aluminium caps ,euro va-cb,euro va,euro vpa,eagle va,esse,reverse,la champenoise,NULL,NULL,NULL,NULL,NULL,NULL,NULL,NULL,NULL,NULL,NULL,NULL,NULL,NULL,NULL,NULL
Machines wih arms with hard metal insert,reverse,NULL,NULL,NULL,NULL,NULL,NULL,NULL,NULL,NULL,NULL,NULL,NULL,NULL,NULL,NULL,NULL,NULL,NULL,NULL,NULL,NULL,NULL
Machines for steel crown corks,esse pk,over,NULL,NULL,NULL,NULL,NULL,NULL,NULL,NULL,NULL,NULL,NULL,NULL,NULL,NULL,NULL,NULL,NULL,NULL,NULL,NULL,NULL
Machines for stainless steel corks,esse,eagle c,la champenoise,NULL,NULL,NULL,NULL,NULL,NULL,NULL,NULL,NULL,NULL,NULL,NULL,NULL,NULL,NULL,NULL,NULL,NULL,NULL,NULL
Machines for iron corks,esse,NULL,NULL,NULL,NULL,NULL,NULL,NULL,NULL,NULL,NULL,NULL,NULL,NULL,NULL,NULL,NULL,NULL,NULL,NULL,NULL,NULL,NULL
Machines with plastic caps,euro pk,next vp,next pk,eagle pk,equatorque,la champenoise,reverse,NULL,NULL,NULL,NULL,NULL,NULL,NULL,NULL,NULL,NULL,NULL,NULL,NULL,NULL,NULL,NULL
Machines with flat caps,euro pk,next vp,next pk,eagle pk,equatorque,over,flex,NULL,NULL,NULL,NULL,NULL,NULL,NULL,NULL,NULL,NULL,NULL,NULL,NULL,NULL,NULL,NULL
Machines with sport caps,euro pk,eagle pk,over,flex,equatorque,NULL,NULL,NULL,NULL,NULL,NULL,NULL,NULL,NULL,NULL,NULL,NULL,NULL,NULL,NULL,NULL,NULL,NULL
Machines with fragile caps,over,NULL,NULL,NULL,NULL,NULL,NULL,NULL,NULL,NULL,NULL,NULL,NULL,NULL,NULL,NULL,NULL,NULL,NULL,NULL,NULL,NULL,NULL
Machines with magnetic synchronous heads,euro pk,next vp,next pk,eagle pk,eagle vp,geyser,NULL,NULL,NULL,NULL,NULL,NULL,NULL,NULL,NULL,NULL,NULL,NULL,NULL,NULL,NULL,NULL,NULL
Machines with hysteresis heads,euro pk,next vp,next pk,geyser,NULL,NULL,NULL,NULL,NULL,NULL,NULL,NULL,NULL,NULL,NULL,NULL,NULL,NULL,NULL,NULL,NULL,NULL,NULL
Machines with ssd threading heads,euro va,eagle va,NULL,NULL,NULL,NULL,NULL,NULL,NULL,NULL,NULL,NULL,NULL,NULL,NULL,NULL,NULL,NULL,NULL,NULL,NULL,NULL,NULL
Machines with ssd/cb threading heads,euro va-cb,NULL,NULL,NULL,NULL,NULL,NULL,NULL,NULL,NULL,NULL,NULL,NULL,NULL,NULL,NULL,NULL,NULL,NULL,NULL,NULL,NULL,NULL
Machines with vpa900 threading or edging heads,euro vpa,NULL,NULL,NULL,NULL,NULL,NULL,NULL,NULL,NULL,NULL,NULL,NULL,NULL,NULL,NULL,NULL,NULL,NULL,NULL,NULL,NULL,NULL
Machines with painted steel components not washable,euro pk,eagle pk,euro vp,eagle vp,euro dd,equatorque,euro pp-c,euro pp-g,kamma pkv,eagle pp,euro va,eagle va,NULL,NULL,NULL,NULL,NULL,NULL,NULL,NULL,NULL,NULL,NULL
Machines with inox external surfaces,euro pk,eagle pk,euro vp,eagle vp,euro dd,euro pp-c,euro pp-g,kamma pkv,eagle pp,euro va,euro vpa,eagle va,esse,esse pk,eagle c,saturno r,saturno f,saturno rf,gemini r,gemini f,gemini rf,la champenoise,reverse
Washable machines,euro pk,next vp,next pk,eagle pk,euro vp,eagle vp,geyser,euro dd,equatorque,euro pp-c,euro pp-g,kamma pkv,eagle pp,euro va,euro vpa,eagle va,esse,esse pk,eagle c,quasar r,quasar f,quasar rf,la champenoise
Machines with stainless steel components,euro pk,eagle pk,euro vp,euro vp,eagle vp,geyser,euro dd,equatorque,euro pp-c,euro pp-g,kamma pkv,eagle pp,euro va,euro vpa,eagle va,esse,esse pk,eagle c,quasar r,quasar f,quasar rf,la champenoise,NULL
Machines that automatically ejects overturned caps,euro pk,next vp,next pk,eagle pk,euro vp,eagle vp,equatorque,euro pp-c,euro pp-g,kamma pkv,eagle pp,euro va,euro vpa,NULL,NULL,NULL,NULL,NULL,NULL,NULL,NULL,NULL,NULL
Machines with n2 injection device,euro pk,next vp,next pk,euro va-cb,equatorque,euro va,euro vpa,eagle va,quasar r,quasar f,quasar rf,saturno r,saturno f,saturno rf,gemini r,gemini f,gemini rf,NULL,NULL,NULL,NULL,NULL,NULL
Machines with caps washing,euro pk,next vp,next pk,eagle pk,euro vp,equatorque,eagle va,NULL,NULL,NULL,NULL,NULL,NULL,NULL,NULL,NULL,NULL,NULL,NULL,NULL,NULL,NULL,NULL
Machines with ionizer,euro pk,next vp,next pk,eagle pk,euro vp,eagle vp,equatorque,euro pp-c,euro pp-g,kamma pkv,eagle pp,euro va-cb,euro va,euro vpa,esse,esse pk,la champenoise,NULL,NULL,NULL,NULL,NULL,NULL
Machines with dust extraction,euro pk ,next vp,next pk,eagle pk,euro vp,eagle vp,equatorque,euro pp-c,euro pp-g,kamma pkv,eagle pp,euro va-cb,euro va,euro vpa,esse,esse pk,eagle c,saturno r,saturno f,saturno rf,la champenoise,NULL,NULL
Machines with uv lamp,euro pk,next vp,next pk,eagle pk,euro vp,eagle vp,equatorque,euro pp-c,euro pp-g,kamma pkv,eagle pp,euro va-cb,euro va,euro vpa,eagle va,esse,esse pk,eagle c,la champenoise,NULL,NULL,NULL,NULL
Machines with bottle neck cleaning,euro pk,next vp,next pk,eagle pk,euro vp,equatorque,NULL,NULL,NULL,NULL,NULL,NULL,NULL,NULL,NULL,NULL,NULL,NULL,NULL,NULL,NULL,NULL,NULL
Machines with steam injection,euro pk,next vp,next pk,eagle pk,euro vp,geyser,NULL,NULL,NULL,NULL,NULL,NULL,NULL,NULL,NULL,NULL,NULL,NULL,NULL,NULL,NULL,NULL,NULL
Machines with sorter,euro pk,next vp,next pk,eagle pk,euro vp,eagle vp,geyser,euro dd,equatorque,euro pp-c,euro pp-g,kamma pkv,eagle pp,euro va-cb,euro va,euro vpa,eagle va,flex,NULL,NULL,NULL,NULL,NULL
Machines with corks feeder,quasar r,quasar f,quasar rf,saturno r,saturno f,saturno rf,gemini r,gemini f,gemini rf,NULL,NULL,NULL,NULL,NULL,NULL,NULL,NULL,NULL,NULL,NULL,NULL,NULL,NULL
Machines with corks sorter ,quasar r,quasar f,quasar rf,saturno r,saturno f,saturno rf,gemini r,gemini f,gemini rf,NULL,NULL,NULL,NULL,NULL,NULL,NULL,NULL,NULL,NULL,NULL,NULL,NULL,NULL
Machines caps chute,euro pk,next vp,next pk,eagle pk,euro vp,eagle vp,geyser,euro dd,equatorque,euro pp-c,euro pp-g,kamma pkv,eagle pp,euro va-cb,euro va,euro vpa,eagle va,NULL,NULL,NULL,NULL,NULL,NULL
Machines with edging heads,euro vpa,NULL,NULL,NULL,NULL,NULL,NULL,NULL,NULL,NULL,NULL,NULL,NULL,NULL,NULL,NULL,NULL,NULL,NULL,NULL,NULL,NULL,NULL
Machines with threading heads ,euro va-cb,euro va,euro vpa,eagle va,NULL,NULL,NULL,NULL,NULL,NULL,NULL,NULL,NULL,NULL,NULL,NULL,NULL,NULL,NULL,NULL,NULL,NULL,NULL
Machines pick and place,euro pk,next vp,next pk,euro vp,eagle vp,geyser,euro dd,euro pp-c,euro pp-g,kamma pkv,eagle pp,NULL,NULL,NULL,NULL,NULL,NULL,NULL,NULL,NULL,NULL,NULL,NULL
Machines with containers handling,euro pk,next vp,next pk,eagle pk,euro vp,reverse,euro dd,equatorque,NULL,NULL,NULL,NULL,NULL,NULL,NULL,NULL,NULL,NULL,NULL,NULL,NULL,NULL,NULL
Machines with height adjustment,eagle vp,NULL,NULL,NULL,NULL,NULL,NULL,NULL,NULL,NULL,NULL,NULL,NULL,NULL,NULL,NULL,NULL,NULL,NULL,NULL,NULL,NULL,NULL
Machines with motorized height adjustment,euro pk,eagle pk,euro vp,euro dd,equatorque,kamma pkv,eagle pp,euro va-cb,euro va,euro vpa,eagle c,eagle va,esse,esse pk,gemini r,gemini f,gemini rf,la champenoise,reverse,NULL,NULL,NULL,NULL
Machines with centralized lubrification,euro pk,euro vp,geyser,euro pp-c,euro pp-g,kamma pkv,euro va,euro vpa,reverse,esse,esse pk,euro va-cb,NULL,NULL,NULL,NULL,NULL,NULL,NULL,NULL,NULL,NULL,NULL
Machines with multibody equipment,euro pk,next vp,next pk,euro vp,equatorque,euro pp-c,euro pp-g,euro va,euro vpa,NULL,NULL,NULL,NULL,NULL,NULL,NULL,NULL,NULL,NULL,NULL,NULL,NULL,NULL
Machines with caps elevator,euro pk,next vp,next pk,eagle pk,euro vp,eagle vp,euro dd,equatorque,euro pp-c,euro pp-g,kamma pkv,eagle pp,euro va-cb,euro va,euro vpa,eagle c,eagle va,esse,esse pk,la champenoise,flex,NULL,NULL
Machines with star-wheel for equally spacing the caps,flex,NULL,NULL,NULL,NULL,NULL,NULL,NULL,NULL,NULL,NULL,NULL,NULL,NULL,NULL,NULL,NULL,NULL,NULL,NULL,NULL,NULL,NULL
Machines with conveyor belt,flex,NULL,NULL,NULL,NULL,NULL,NULL,NULL,NULL,NULL,NULL,NULL,NULL,NULL,NULL,NULL,NULL,NULL,NULL,NULL,NULL,NULL,NULL
Machines with caps buffer,euro pk,next vp,next pk,euro vp,flex,NULL,NULL,NULL,NULL,NULL,NULL,NULL,NULL,NULL,NULL,NULL,NULL,NULL,NULL,NULL,NULL,NULL,NULL
Machines with caps orienting by gravity ,over,NULL,NULL,NULL,NULL,NULL,NULL,NULL,NULL,NULL,NULL,NULL,NULL,NULL,NULL,NULL,NULL,NULL,NULL,NULL,NULL,NULL,NULL
Machines with caps exit through blower,over,NULL,NULL,NULL,NULL,NULL,NULL,NULL,NULL,NULL,NULL,NULL,NULL,NULL,NULL,NULL,NULL,NULL,NULL,NULL,NULL,NULL,NULL
Machines with 500 litres hopper,over,NULL,NULL,NULL,NULL,NULL,NULL,NULL,NULL,NULL,NULL,NULL,NULL,NULL,NULL,NULL,NULL,NULL,NULL,NULL,NULL,NULL,NULL
Machines with secondary belt in the hopper,over,NULL,NULL,NULL,NULL,NULL,NULL,NULL,NULL,NULL,NULL,NULL,NULL,NULL,NULL,NULL,NULL,NULL,NULL,NULL,NULL,NULL,NULL
Machines with discharging height 2500 mm,over,NULL,NULL,NULL,NULL,NULL,NULL,NULL,NULL,NULL,NULL,NULL,NULL,NULL,NULL,NULL,NULL,NULL,NULL,NULL,NULL,NULL,NULL
Machines with electrical board with plc,over,NULL,NULL,NULL,NULL,NULL,NULL,NULL,NULL,NULL,NULL,NULL,NULL,NULL,NULL,NULL,NULL,NULL,NULL,NULL,NULL,NULL,NULL
Machines with twin hopper,euro pk,next vp,next pk,euro vp,NULL,NULL,NULL,NULL,NULL,NULL,NULL,NULL,NULL,NULL,NULL,NULL,NULL,NULL,NULL,NULL,NULL,NULL,NULL
Machines with flat buffer,euro pk,next vp,next pk,euro vp,NULL,NULL,NULL,NULL,NULL,NULL,NULL,NULL,NULL,NULL,NULL,NULL,NULL,NULL,NULL,NULL,NULL,NULL,NULL
Machines with closure chucks,next vp,next pk,eagle pp,NULL,NULL,NULL,NULL,NULL,NULL,NULL,NULL,NULL,NULL,NULL,NULL,NULL,NULL,NULL,NULL,NULL,NULL,NULL,NULL
Machines with closure grippers,next vp,next pk,eagle pp,NULL,NULL,NULL,NULL,NULL,NULL,NULL,NULL,NULL,NULL,NULL,NULL,NULL,NULL,NULL,NULL,NULL,NULL,NULL,NULL
Lube free machines,next vp,next pk,NULL,NULL,NULL,NULL,NULL,NULL,NULL,NULL,NULL,NULL,NULL,NULL,NULL,NULL,NULL,NULL,NULL,NULL,NULL,NULL,NULL
Ultraclean machines,next vp,next pk,NULL,NULL,NULL,NULL,NULL,NULL,NULL,NULL,NULL,NULL,NULL,NULL,NULL,NULL,NULL,NULL,NULL,NULL,NULL,NULL,NULL
Aseptic machines,next vp,next pk,NULL,NULL,NULL,NULL,NULL,NULL,NULL,NULL,NULL,NULL,NULL,NULL,NULL,NULL,NULL,NULL,NULL,NULL,NULL,NULL,NULL
Machines for irregular geometry caps,euro vp,eagle vp,NULL,NULL,NULL,NULL,NULL,NULL,NULL,NULL,NULL,NULL,NULL,NULL,NULL,NULL,NULL,NULL,NULL,NULL,NULL,NULL,NULL
Machines for large caps,euro vp,eagle vp,equatorque,NULL,NULL,NULL,NULL,NULL,NULL,NULL,NULL,NULL,NULL,NULL,NULL,NULL,NULL,NULL,NULL,NULL,NULL,NULL,NULL
Machines with aluminium pre-threaded caps,euro vp,NULL,NULL,NULL,NULL,NULL,NULL,NULL,NULL,NULL,NULL,NULL,NULL,NULL,NULL,NULL,NULL,NULL,NULL,NULL,NULL,NULL,NULL
Machines with bottle-neck guide assembly ,euro pp-c,euro pp-g,kamma pkv,euro va-cb,euro va,euro vpa,esse,NULL,NULL,NULL,NULL,NULL,NULL,NULL,NULL,NULL,NULL,NULL,NULL,NULL,NULL,NULL,NULL
Machines with body-guide assembly,eagle vp,euro pp-c,euro pp-g,kamma pkv,eagle pp,euro va-cb,euro va,euro vpa,esse,la champenoise,eagle va,NULL,NULL,NULL,NULL,NULL,NULL,NULL,NULL,NULL,NULL,NULL,NULL
Machines with bidule neck + chute,la champenoise,NULL,NULL,NULL,NULL,NULL,NULL,NULL,NULL,NULL,NULL,NULL,NULL,NULL,NULL,NULL,NULL,NULL,NULL,NULL,NULL,NULL,NULL
Machines with chucks,euro pp-c,euro pp-g,kamma pkv,eagle pp,NULL,NULL,NULL,NULL,NULL,NULL,NULL,NULL,NULL,NULL,NULL,NULL,NULL,NULL,NULL,NULL,NULL,NULL,NULL
Machines with grippers,eagle vp,euro pp-c,euro pp-g,NULL,NULL,NULL,NULL,NULL,NULL,NULL,NULL,NULL,NULL,NULL,NULL,NULL,NULL,NULL,NULL,NULL,NULL,NULL,NULL
Machines with supplementary hopper,eagle vp,eagle pp,eagle va,eagle c,NULL,NULL,NULL,NULL,NULL,NULL,NULL,NULL,NULL,NULL,NULL,NULL,NULL,NULL,NULL,NULL,NULL,NULL,NULL
Twist-Off Plastic Caps,geyser,NULL,NULL,NULL,NULL,NULL,NULL,NULL,NULL,NULL,NULL,NULL,NULL,NULL,NULL,NULL,NULL,NULL,NULL,NULL,NULL,NULL,NULL
Machines that apply dispensers,euro dd,NULL,NULL,NULL,NULL,NULL,NULL,NULL,NULL,NULL,NULL,NULL,NULL,NULL,NULL,NULL,NULL,NULL,NULL,NULL,NULL,NULL,NULL
Pre-Inserted tube into the container,euro dd,NULL,NULL,NULL,NULL,NULL,NULL,NULL,NULL,NULL,NULL,NULL,NULL,NULL,NULL,NULL,NULL,NULL,NULL,NULL,NULL,NULL,NULL
Machines with caps revolver,equatorque,NULL,NULL,NULL,NULL,NULL,NULL,NULL,NULL,NULL,NULL,NULL,NULL,NULL,NULL,NULL,NULL,NULL,NULL,NULL,NULL,NULL,NULL
Machines with standard closure spindles,esse pk,NULL,NULL,NULL,NULL,NULL,NULL,NULL,NULL,NULL,NULL,NULL,NULL,NULL,NULL,NULL,NULL,NULL,NULL,NULL,NULL,NULL,NULL
Machines with ies closure spindles,esse pk,NULL,NULL,NULL,NULL,NULL,NULL,NULL,NULL,NULL,NULL,NULL,NULL,NULL,NULL,NULL,NULL,NULL,NULL,NULL,NULL,NULL,NULL
Machines with washables spindles,esse pk,NULL,NULL,NULL,NULL,NULL,NULL,NULL,NULL,NULL,NULL,NULL,NULL,NULL,NULL,NULL,NULL,NULL,NULL,NULL,NULL,NULL,NULL
Machines with spring plates,esse pk,NULL,NULL,NULL,NULL,NULL,NULL,NULL,NULL,NULL,NULL,NULL,NULL,NULL,NULL,NULL,NULL,NULL,NULL,NULL,NULL,NULL,NULL
Machines with deionization lamp,eagle c,NULL,NULL,NULL,NULL,NULL,NULL,NULL,NULL,NULL,NULL,NULL,NULL,NULL,NULL,NULL,NULL,NULL,NULL,NULL,NULL,NULL,NULL
Machines with compressing unit heating system,quasar r,quasar f,quasar rf,saturno r,saturno f,saturno rf,gemini r,gemini f,gemini rf,NULL,NULL,NULL,NULL,NULL,NULL,NULL,NULL,NULL,NULL,NULL,NULL,NULL,NULL
Machines with gas evacuation from bottle-neck,quasar r,quasar f,quasar rf,saturno r,saturno f,saturno rf,gemini r,gemini f,gemini rf,NULL,NULL,NULL,NULL,NULL,NULL,NULL,NULL,NULL,NULL,NULL,NULL,NULL,NULL
Machines with automatic die regulation ,quasar r,quasar f,quasar rf,saturno r,saturno f,saturno rf,NULL,NULL,NULL,NULL,NULL,NULL,NULL,NULL,NULL,NULL,NULL,NULL,NULL,NULL,NULL,NULL,NULL
Machines with bottle-neck gas evacuation circuit cleaning ,quasar r,quasar f,quasar rf,NULL,NULL,NULL,NULL,NULL,NULL,NULL,NULL,NULL,NULL,NULL,NULL,NULL,NULL,NULL,NULL,NULL,NULL,NULL,NULL
Machines with stainless steel infeed worm ,reverse,NULL,NULL,NULL,NULL,NULL,NULL,NULL,NULL,NULL,NULL,NULL,NULL,NULL,NULL,NULL,NULL,NULL,NULL,NULL,NULL,NULL,NULL
Machines with magnetic cleats,over,NULL,NULL,NULL,NULL,NULL,NULL,NULL,NULL,NULL,NULL,NULL,NULL,NULL,NULL,NULL,NULL,NULL,NULL,NULL,NULL,NULL,NULL
Machines 1000/1500/2000 litress hopper,over,NULL,NULL,NULL,NULL,NULL,NULL,NULL,NULL,NULL,NULL,NULL,NULL,NULL,NULL,NULL,NULL,NULL,NULL,NULL,NULL,NULL,NULL
Machines with discharging height 6000 mm,over,NULL,NULL,NULL,NULL,NULL,NULL,NULL,NULL,NULL,NULL,NULL,NULL,NULL,NULL,NULL,NULL,NULL,NULL,NULL,NULL,NULL,NULL
Machines with caps guide,flex,NULL,NULL,NULL,NULL,NULL,NULL,NULL,NULL,NULL,NULL,NULL,NULL,NULL,NULL,NULL,NULL,NULL,NULL,NULL,NULL,NULL,NULL
Machines with replacement corklocks,quasar r,quasar f,quasar rf,NULL,NULL,NULL,NULL,NULL,NULL,NULL,NULL,NULL,NULL,NULL,NULL,NULL,NULL,NULL,NULL,NULL,NULL,NULL,NULL
#BEVERAGE + CORK TYPE: BEER,,,,,,,,,,,BEVERAGE + CORK TYPE: BEER,,,,,,,,,,,,
# Machines that close beers with ring pull cork,NULL,NULL,NULL,NULL,NULL,NULL,NULL,NULL,NULL,NULL,NULL,NULL,NULL,NULL,NULL,NULL,NULL,NULL,NULL,NULL,NULL,NULL,NULL
Machines that close beverage with press-on overcaps,Kamma pkv,Eagle pp,NULL,NULL,NULL,NULL,NULL,NULL,NULL,NULL,NULL,NULL,NULL,NULL,NULL,NULL,NULL,NULL,NULL,NULL,NULL,NULL,NULL
Machines that close beverage with pre-threaded flat plastic caps,Euro pk,Next pk,Eagle pk,Reverse,Over,NULL,NULL,NULL,NULL,NULL,NULL,NULL,NULL,NULL,NULL,NULL,NULL,NULL,NULL,NULL,NULL,NULL,NULL
Machines that close beverage with pre-threaded irregular geometry caps,Euro vp,Eagle vp,NULL,NULL,NULL,NULL,NULL,NULL,NULL,NULL,NULL,NULL,NULL,NULL,NULL,NULL,NULL,NULL,NULL,NULL,NULL,NULL,NULL
Machines that close beverage with pre-threaded sport plastic caps,Euro pk,Next pk,Eagle pk,Over,NULL,NULL,NULL,NULL,NULL,NULL,NULL,NULL,NULL,NULL,NULL,NULL,NULL,NULL,NULL,NULL,NULL,NULL,NULL
Machines that close beverage with press-on cover for cans,Kamma pkv,Eagle pp,Over,NULL,NULL,NULL,NULL,NULL,NULL,NULL,NULL,NULL,NULL,NULL,NULL,NULL,NULL,NULL,NULL,NULL,NULL,NULL,NULL
# Machines that close beverage with ring pull,NULL,NULL,NULL,NULL,NULL,NULL,NULL,NULL,NULL,NULL,NULL,NULL,NULL,NULL,NULL,NULL,NULL,NULL,NULL,NULL,NULL,NULL,NULL
Machines that close beverage with ropp aluminium caps,Euro va,Euro va-cb,Eagle va,Reverse,Over,NULL,NULL,NULL,NULL,NULL,NULL,NULL,NULL,NULL,NULL,NULL,NULL,NULL,NULL,NULL,NULL,NULL,NULL
Machines that close beverage with steel crown cork,Esse pk,Esse,Eagle c,NULL,NULL,NULL,NULL,NULL,NULL,NULL,NULL,NULL,NULL,NULL,NULL,NULL,NULL,NULL,NULL,NULL,NULL,NULL,NULL
Machines that close beverage with aluminium crown cork,Esse,Eagle C,NULL,NULL,NULL,NULL,NULL,NULL,NULL,NULL,NULL,NULL,NULL,NULL,NULL,NULL,NULL,NULL,NULL,NULL,NULL,NULL,NULL
Machines that close beverage pre-threaded plastic caps for pouches,Euro vp,NULL,NULL,NULL,NULL,NULL,NULL,NULL,NULL,NULL,NULL,NULL,NULL,NULL,NULL,NULL,NULL,NULL,NULL,NULL,NULL,NULL,NULL
Machines that close beverage with twist off,Geyser,Euro vp,Reverse,Over,NULL,NULL,NULL,NULL,NULL,NULL,NULL,NULL,NULL,NULL,NULL,NULL,NULL,NULL,NULL,NULL,NULL,NULL,NULL
Machines that close beverage with tethered caps,Euro vp,Eagle pk,Eagle pp,Eagle vp,NULL,NULL,NULL,NULL,NULL,NULL,NULL,NULL,NULL,NULL,NULL,NULL,NULL,NULL,NULL,NULL,NULL,NULL,NULL
Machines that close beer with steel crown cork,Esse pk,Esse,Eagle C,NULL,NULL,NULL,NULL,NULL,NULL,NULL,NULL,NULL,NULL,NULL,NULL,NULL,NULL,NULL,NULL,NULL,NULL,NULL,NULL
Machines that close beer with mushroom corks,saturno r,saturno f,saturno rf,Quasar f,Quasar rf,gemini r,gemini f,gemini rf,NULL,NULL,NULL,NULL,NULL,NULL,NULL,NULL,NULL,NULL,NULL,NULL,NULL,NULL,NULL
Machines that close water with pre-threaded flat plastic caps,Euro pk,Next pk,Euro vp,Eagle pk,Reverse,Over,NULL,NULL,NULL,NULL,NULL,NULL,NULL,NULL,NULL,NULL,NULL,NULL,NULL,NULL,NULL,NULL,NULL
Machines that close water with steel crown cork,Esse pk,Esse,Eagle C,NULL,NULL,NULL,NULL,NULL,NULL,NULL,NULL,NULL,NULL,NULL,NULL,NULL,NULL,NULL,NULL,NULL,NULL,NULL,NULL
Machines that close water with ropp aluminium caps,Euro va,Euro va-cb,Eagle va,Reverse,Over,NULL,NULL,NULL,NULL,NULL,NULL,NULL,NULL,NULL,NULL,NULL,NULL,NULL,NULL,NULL,NULL,NULL,NULL
Machines that close water with pre-threaded sport plastic caps,Euro pk,Next pk,Eagle pk,Reverse,Over,NULL,NULL,NULL,NULL,NULL,NULL,NULL,NULL,NULL,NULL,NULL,NULL,NULL,NULL,NULL,NULL,NULL,NULL
Machines that close water with press-on overcaps,Kamma pkv,Eagle pp,NULL,NULL,NULL,NULL,NULL,NULL,NULL,NULL,NULL,NULL,NULL,NULL,NULL,NULL,NULL,NULL,NULL,NULL,NULL,NULL,NULL
Machines that close water with press-on caps,Eagle pp,NULL,NULL,NULL,NULL,NULL,NULL,NULL,NULL,NULL,NULL,NULL,NULL,NULL,NULL,NULL,NULL,NULL,NULL,NULL,NULL,NULL,NULL
Machines that close water with short ropp aluminium caps,Euro va,Euro va-cb,Eagle va,Reverse,Over,NULL,NULL,NULL,NULL,NULL,NULL,NULL,NULL,NULL,NULL,NULL,NULL,NULL,NULL,NULL,NULL,NULL,NULL
Machines that close water with short ropp aluminium caps with plastic tamper evidence,Euro va,Eagle va,NULL,NULL,NULL,NULL,NULL,NULL,NULL,NULL,NULL,NULL,NULL,NULL,NULL,NULL,NULL,NULL,NULL,NULL,NULL,NULL,NULL
Machines that close water with tethered caps,Euro pk,Euro vp,Eagle pk,Eagle pp,Eagle vp,NULL,NULL,NULL,NULL,NULL,NULL,NULL,NULL,NULL,NULL,NULL,NULL,NULL,NULL,NULL,NULL,NULL,NULL
Machines that close juice with pre-threaded irregular geometry caps,Euro vp,Eagle vp,NULL,NULL,NULL,NULL,NULL,NULL,NULL,NULL,NULL,NULL,NULL,NULL,NULL,NULL,NULL,NULL,NULL,NULL,NULL,NULL,NULL
Machines that close juice with steel crown cork,Esse pk,Esse,Eagle C,NULL,NULL,NULL,NULL,NULL,NULL,NULL,NULL,NULL,NULL,NULL,NULL,NULL,NULL,NULL,NULL,NULL,NULL,NULL,NULL
Machines that close juice with pre-threaded flat plastic caps,Euro pk,Next pk,Eagle pk,Reverse,Over,NULL,NULL,NULL,NULL,NULL,NULL,NULL,NULL,NULL,NULL,NULL,NULL,NULL,NULL,NULL,NULL,NULL,NULL
Machines that close juice with pre-threaded sport plastic caps,Euro pk,Next pk,Eagle pk,Reverse,Over,NULL,NULL,NULL,NULL,NULL,NULL,NULL,NULL,NULL,NULL,NULL,NULL,NULL,NULL,NULL,NULL,NULL,NULL
Machines that close juice with pre-threaded plastic caps for pouches,Euro vp,NULL,NULL,NULL,NULL,NULL,NULL,NULL,NULL,NULL,NULL,NULL,NULL,NULL,NULL,NULL,NULL,NULL,NULL,NULL,NULL,NULL,NULL
Machines that close juice with twist off,Geyser,Euro vp,Reverse,NULL,NULL,NULL,NULL,NULL,NULL,NULL,NULL,NULL,NULL,NULL,NULL,NULL,NULL,NULL,NULL,NULL,NULL,NULL,NULL
Machines that close juice with short ropp aluminium caps,Euro va,Euro va-cb,Eagle va,Reverse,Over,NULL,NULL,NULL,NULL,NULL,NULL,NULL,NULL,NULL,NULL,NULL,NULL,NULL,NULL,NULL,NULL,NULL,NULL
Machines that close dairy with twist off,Geyser,Euro vp,NULL,NULL,NULL,NULL,NULL,NULL,NULL,NULL,NULL,NULL,NULL,NULL,NULL,NULL,NULL,NULL,NULL,NULL,NULL,NULL,NULL
Machines that close dairy with pre-threaded flat plastic caps,Euro pk,Next pk,Eagle pk,Reverse,Over,NULL,NULL,NULL,NULL,NULL,NULL,NULL,NULL,NULL,NULL,NULL,NULL,NULL,NULL,NULL,NULL,NULL,NULL
Machines that close dairy with pre-threaded irregular geometry caps,Euro vp,Eagle vp,NULL,NULL,NULL,NULL,NULL,NULL,NULL,NULL,NULL,NULL,NULL,NULL,NULL,NULL,NULL,NULL,NULL,NULL,NULL,NULL,NULL
Machines that close dairy with flip top caps,Euro vp,Eagle vp,NULL,NULL,NULL,NULL,NULL,NULL,NULL,NULL,NULL,NULL,NULL,NULL,NULL,NULL,NULL,NULL,NULL,NULL,NULL,NULL,NULL
Machines that close dairy with press-on flip top caps,Kamma pkv,Eagle pp,NULL,NULL,NULL,NULL,NULL,NULL,NULL,NULL,NULL,NULL,NULL,NULL,NULL,NULL,NULL,NULL,NULL,NULL,NULL,NULL,NULL
Machines that close dairy with lid,Over,NULL,NULL,NULL,NULL,NULL,NULL,NULL,NULL,NULL,NULL,NULL,NULL,NULL,NULL,NULL,NULL,NULL,NULL,NULL,NULL,NULL,NULL
Machines that close food with pre-threaded flip top caps,euro vp,eagle vp,NULL,NULL,NULL,NULL,NULL,NULL,NULL,NULL,NULL,NULL,NULL,NULL,NULL,NULL,NULL,NULL,NULL,NULL,NULL,NULL,NULL
Machines that close food with press-on flip top caps,kamma pkv,eagle pp,NULL,NULL,NULL,NULL,NULL,NULL,NULL,NULL,NULL,NULL,NULL,NULL,NULL,NULL,NULL,NULL,NULL,NULL,NULL,NULL,NULL
Machines that close food with plastic insert,kamma pkv,eagle pp,NULL,NULL,NULL,NULL,NULL,NULL,NULL,NULL,NULL,NULL,NULL,NULL,NULL,NULL,NULL,NULL,NULL,NULL,NULL,NULL,NULL
Machines that close food with press-on caps,kamma pkv,eagle pp,NULL,NULL,NULL,NULL,NULL,NULL,NULL,NULL,NULL,NULL,NULL,NULL,NULL,NULL,NULL,NULL,NULL,NULL,NULL,NULL,NULL
Machines that close food with pre-threaded flat plastic caps,euro pk,Next pk,euro vp,eagle pk,reverse,over,NULL,NULL,NULL,NULL,NULL,NULL,NULL,NULL,NULL,NULL,NULL,NULL,NULL,NULL,NULL,NULL,NULL
Machines that close food with pre-threaded large plastic caps,euro vp,eagle vp,NULL,NULL,NULL,NULL,NULL,NULL,NULL,NULL,NULL,NULL,NULL,NULL,NULL,NULL,NULL,NULL,NULL,NULL,NULL,NULL,NULL
Machines that close food with pressure cover,kamma pkv,eagle pp,over,NULL,NULL,NULL,NULL,NULL,NULL,NULL,NULL,NULL,NULL,NULL,NULL,NULL,NULL,NULL,NULL,NULL,NULL,NULL,NULL
Machines that close food with ropp aluminium,euro va,Euro va-cb,eagle va,reverse,over,NULL,NULL,NULL,NULL,NULL,NULL,NULL,NULL,NULL,NULL,NULL,NULL,NULL,NULL,NULL,NULL,NULL,NULL
Machines that close food withT caps,kamma pkv,eagle pp,NULL,NULL,NULL,NULL,NULL,NULL,NULL,NULL,NULL,NULL,NULL,NULL,NULL,NULL,NULL,NULL,NULL,NULL,NULL,NULL,NULL
Machines that close food with pre-threaded plastic caps for pouches,euro vp,NULL,NULL,NULL,NULL,NULL,NULL,NULL,NULL,NULL,NULL,NULL,NULL,NULL,NULL,NULL,NULL,NULL,NULL,NULL,NULL,NULL,NULL
Machines that close food with lid,over,NULL,NULL,NULL,NULL,NULL,NULL,NULL,NULL,NULL,NULL,NULL,NULL,NULL,NULL,NULL,NULL,NULL,NULL,NULL,NULL,NULL,NULL
Machines that close food with twist off,Geyser,NULL,NULL,NULL,NULL,NULL,NULL,NULL,NULL,NULL,NULL,NULL,NULL,NULL,NULL,NULL,NULL,NULL,NULL,NULL,NULL,NULL,NULL
Machines that close food with steel crown cork,esse pk,esse,eagle c,NULL,NULL,NULL,NULL,NULL,NULL,NULL,NULL,NULL,NULL,NULL,NULL,NULL,NULL,NULL,NULL,NULL,NULL,NULL,NULL
Machines that close edible oil withshort ropp aluminium caps,euro va,euro va-cb,eagle va,reverse,over,NULL,NULL,NULL,NULL,NULL,NULL,NULL,NULL,NULL,NULL,NULL,NULL,NULL,NULL,NULL,NULL,NULL,NULL
Machines that close edible oil with pre-threaded flat plastic caps,euro pk,next pk,eagle pk,reverse,over,NULL,NULL,NULL,NULL,NULL,NULL,NULL,NULL,NULL,NULL,NULL,NULL,NULL,NULL,NULL,NULL,NULL,NULL
Machines that close edible oil with press-on caps,kamma pkv,eagle pp,NULL,NULL,NULL,NULL,NULL,NULL,NULL,NULL,NULL,NULL,NULL,NULL,NULL,NULL,NULL,NULL,NULL,NULL,NULL,NULL,NULL
Machines that close edible oil with flex spout,kamma pkv,eagle pp,NULL,NULL,NULL,NULL,NULL,NULL,NULL,NULL,NULL,NULL,NULL,NULL,NULL,NULL,NULL,NULL,NULL,NULL,NULL,NULL,NULL
Machines that close edible oil with spray pump caps,euro dd,NULL,NULL,NULL,NULL,NULL,NULL,NULL,NULL,NULL,NULL,NULL,NULL,NULL,NULL,NULL,NULL,NULL,NULL,NULL,NULL,NULL,NULL
Machines that close edible oil with aluminium caps with pourer - non refillable,euro va,eagle va,reverse,over,NULL,NULL,NULL,NULL,NULL,NULL,NULL,NULL,NULL,NULL,NULL,NULL,NULL,NULL,NULL,NULL,NULL,NULL,NULL
Machines that close edible oil with t caps,kamma pkv,eagle pp,NULL,NULL,NULL,NULL,NULL,NULL,NULL,NULL,NULL,NULL,NULL,NULL,NULL,NULL,NULL,NULL,NULL,NULL,NULL,NULL,NULL
Machines that close wine and spirits with press-on caps,kamma pkv,eagle pp,NULL,NULL,NULL,NULL,NULL,NULL,NULL,NULL,NULL,NULL,NULL,NULL,NULL,NULL,NULL,NULL,NULL,NULL,NULL,NULL,NULL
Machines that close wine and spirits with mushroom corks,saturno r,saturno f,saturno rf,quasar f,quasar rf,gemini r,gemini f,gemini rf,NULL,NULL,NULL,NULL,NULL,NULL,NULL,NULL,NULL,NULL,NULL,NULL,NULL,NULL,NULL
Machines that close wine and spirits with straight corks ,saturno r,saturno f,saturno rf,quasar r,gemini r,gemini f,gemini rf,NULL,NULL,NULL,NULL,NULL,NULL,NULL,NULL,NULL,NULL,NULL,NULL,NULL,NULL,NULL,NULL
Machines that close wine and spirits with mushroom plastic corks,kamma pkv,eagle pp,NULL,NULL,NULL,NULL,NULL,NULL,NULL,NULL,NULL,NULL,NULL,NULL,NULL,NULL,NULL,NULL,NULL,NULL,NULL,NULL,NULL
Machines that close wine and spirits with bidule + crown caps,la champenoise,eagle c,NULL,NULL,NULL,NULL,NULL,NULL,NULL,NULL,NULL,NULL,NULL,NULL,NULL,NULL,NULL,NULL,NULL,NULL,NULL,NULL,NULL
Machines that close wine and spirits with short ropp aluminium caps,euro va,euro va-cb,eagle va,reverse,over,NULL,NULL,NULL,NULL,NULL,NULL,NULL,NULL,NULL,NULL,NULL,NULL,NULL,NULL,NULL,NULL,NULL,NULL
Machines that close wine and spirits with steel crown cork,esse pk,esse,eagle c,NULL,NULL,NULL,NULL,NULL,NULL,NULL,NULL,NULL,NULL,NULL,NULL,NULL,NULL,NULL,NULL,NULL,NULL,NULL,NULL
Machines that close wine and spirits with aluminium crown cork,esse,eagle c,NULL,NULL,NULL,NULL,NULL,NULL,NULL,NULL,NULL,NULL,NULL,NULL,NULL,NULL,NULL,NULL,NULL,NULL,NULL,NULL,NULL
Machines that close wine and spirits with long ropp aluminium caps with pre-threaded plastic insert,euro vpa,NULL,NULL,NULL,NULL,NULL,NULL,NULL,NULL,NULL,NULL,NULL,NULL,NULL,NULL,NULL,NULL,NULL,NULL,NULL,NULL,NULL,NULL
Machines that close wine and spirits with long ropp  aluminium caps,euro va,euro vpa,eagle va,reverse,over,NULL,NULL,NULL,NULL,NULL,NULL,NULL,NULL,NULL,NULL,NULL,NULL,NULL,NULL,NULL,NULL,NULL,NULL
Machines that close wine and spirits with t caps,kamma pkv,eagle pp,NULL,NULL,NULL,NULL,NULL,NULL,NULL,NULL,NULL,NULL,NULL,NULL,NULL,NULL,NULL,NULL,NULL,NULL,NULL,NULL,NULL
Machines that close wine and spirits with glass t caps,kamma pkv,eagle pp,NULL,NULL,NULL,NULL,NULL,NULL,NULL,NULL,NULL,NULL,NULL,NULL,NULL,NULL,NULL,NULL,NULL,NULL,NULL,NULL,NULL
Machines that close food supplements with pre-threaded flat plastic caps,euro pk,next pk,eagle pk,reverse,over,NULL,NULL,NULL,NULL,NULL,NULL,NULL,NULL,NULL,NULL,NULL,NULL,NULL,NULL,NULL,NULL,NULL,NULL
Machines that close food supplements with pressure cover,kamma pkv,eagle pp,over,NULL,NULL,NULL,NULL,NULL,NULL,NULL,NULL,NULL,NULL,NULL,NULL,NULL,NULL,NULL,NULL,NULL,NULL,NULL,NULL
Machines that close food supplements with short ropp aluminium caps,euro va,euro va-cb,eagle va,reverse,over,NULL,NULL,NULL,NULL,NULL,NULL,NULL,NULL,NULL,NULL,NULL,NULL,NULL,NULL,NULL,NULL,NULL,NULL
Machines that close food supplements with lid,over,NULL,NULL,NULL,NULL,NULL,NULL,NULL,NULL,NULL,NULL,NULL,NULL,NULL,NULL,NULL,NULL,NULL,NULL,NULL,NULL,NULL,NULL
Machines that close personal care with aerosol caps,kamma pkv,eagle pp,NULL,NULL,NULL,NULL,NULL,NULL,NULL,NULL,NULL,NULL,NULL,NULL,NULL,NULL,NULL,NULL,NULL,NULL,NULL,NULL,NULL
Machines that close personal care with press-on irregular geometry caps,kamma pkv,eagle pp,NULL,NULL,NULL,NULL,NULL,NULL,NULL,NULL,NULL,NULL,NULL,NULL,NULL,NULL,NULL,NULL,NULL,NULL,NULL,NULL,NULL
Machines that close personal care with pre-threaded plastic caps,euro vp,eagle vp,NULL,NULL,NULL,NULL,NULL,NULL,NULL,NULL,NULL,NULL,NULL,NULL,NULL,NULL,NULL,NULL,NULL,NULL,NULL,NULL,NULL
Machines that close personal care with pre-threaded flip top caps,euro vp,eagle vp,NULL,NULL,NULL,NULL,NULL,NULL,NULL,NULL,NULL,NULL,NULL,NULL,NULL,NULL,NULL,NULL,NULL,NULL,NULL,NULL,NULL
Machines that close personal care with press-on flip top caps,kamma pkv,eagle pp,NULL,NULL,NULL,NULL,NULL,NULL,NULL,NULL,NULL,NULL,NULL,NULL,NULL,NULL,NULL,NULL,NULL,NULL,NULL,NULL,NULL
Machines that close personal care with spray pump caps,euro dd,NULL,NULL,NULL,NULL,NULL,NULL,NULL,NULL,NULL,NULL,NULL,NULL,NULL,NULL,NULL,NULL,NULL,NULL,NULL,NULL,NULL,NULL
Machines that close personal care with pre-threaded caps with spout - press top screw caps,euro vp,eagle vp,NULL,NULL,NULL,NULL,NULL,NULL,NULL,NULL,NULL,NULL,NULL,NULL,NULL,NULL,NULL,NULL,NULL,NULL,NULL,NULL,NULL
Machines that close household care with aerosol caps,kamma pkv,eagle pp,NULL,NULL,NULL,NULL,NULL,NULL,NULL,NULL,NULL,NULL,NULL,NULL,NULL,NULL,NULL,NULL,NULL,NULL,NULL,NULL,NULL
Machines that close household care with pre-threaded flip top caps,euro vp,eagle vp,NULL,NULL,NULL,NULL,NULL,NULL,NULL,NULL,NULL,NULL,NULL,NULL,NULL,NULL,NULL,NULL,NULL,NULL,NULL,NULL,NULL
Machines that close household care with press-on flip top caps,kamma pkv,eagle pp,NULL,NULL,NULL,NULL,NULL,NULL,NULL,NULL,NULL,NULL,NULL,NULL,NULL,NULL,NULL,NULL,NULL,NULL,NULL,NULL,NULL
Machines that close household care with spray pump caps,euro dd,NULL,NULL,NULL,NULL,NULL,NULL,NULL,NULL,NULL,NULL,NULL,NULL,NULL,NULL,NULL,NULL,NULL,NULL,NULL,NULL,NULL,NULL
Machines that close household care with pre-threaded large plastic caps,euro vp,eagle vp,over,NULL,NULL,NULL,NULL,NULL,NULL,NULL,NULL,NULL,NULL,NULL,NULL,NULL,NULL,NULL,NULL,NULL,NULL,NULL,NULL
Machines that close household care with pre-threaded plastic caps,euro vp,eagle vp,NULL,NULL,NULL,NULL,NULL,NULL,NULL,NULL,NULL,NULL,NULL,NULL,NULL,NULL,NULL,NULL,NULL,NULL,NULL,NULL,NULL
Machines that close household care with push-pull caps,euro vp,eagle vp,NULL,NULL,NULL,NULL,NULL,NULL,NULL,NULL,NULL,NULL,NULL,NULL,NULL,NULL,NULL,NULL,NULL,NULL,NULL,NULL,NULL
Machines that close chemicals with aerosol caps,kamma pkv,eagle pp,NULL,NULL,NULL,NULL,NULL,NULL,NULL,NULL,NULL,NULL,NULL,NULL,NULL,NULL,NULL,NULL,NULL,NULL,NULL,NULL,NULL
Machines that close chemicals with flex spout,kamma pkv,eagle pp,NULL,NULL,NULL,NULL,NULL,NULL,NULL,NULL,NULL,NULL,NULL,NULL,NULL,NULL,NULL,NULL,NULL,NULL,NULL,NULL,NULL
Machines that close chemicals with pre-threaded flip top caps,euro vp,eagle vp,NULL,NULL,NULL,NULL,NULL,NULL,NULL,NULL,NULL,NULL,NULL,NULL,NULL,NULL,NULL,NULL,NULL,NULL,NULL,NULL,NULL
Machines that close chemicals with press-on flip top caps,kamma pkv,eagle pp,NULL,NULL,NULL,NULL,NULL,NULL,NULL,NULL,NULL,NULL,NULL,NULL,NULL,NULL,NULL,NULL,NULL,NULL,NULL,NULL,NULL
Machines that close chemicals with press-on cover,kamma pkv,eagle pp,NULL,NULL,NULL,NULL,NULL,NULL,NULL,NULL,NULL,NULL,NULL,NULL,NULL,NULL,NULL,NULL,NULL,NULL,NULL,NULL,NULL
Machines that close chemicals with pre-threaded large plastic caps,euro vp,eagle vp,over,NULL,NULL,NULL,NULL,NULL,NULL,NULL,NULL,NULL,NULL,NULL,NULL,NULL,NULL,NULL,NULL,NULL,NULL,NULL,NULL
Machines that close chemicals with pre-threaded flat plastic caps,euro pk,next pk,eagle pk,reverse,over,NULL,NULL,NULL,NULL,NULL,NULL,NULL,NULL,NULL,NULL,NULL,NULL,NULL,NULL,NULL,NULL,NULL,NULL
Machines that close chemicals with spray pump caps,euro dd,NULL,NULL,NULL,NULL,NULL,NULL,NULL,NULL,NULL,NULL,NULL,NULL,NULL,NULL,NULL,NULL,NULL,NULL,NULL,NULL,NULL,NULL